eta,mse_val
0.0001,2723.776991844265
0.001,2754.8389805109127
0.01,3313.0655653963126
1e-05,5418.329175992714
0.1,2.872213508486774e+26
0.2,1.4093560195637166e+122
0.4,
1.0,
