eta,mse_val
0.001,4.926662619554181
0.0001,4.955732785785918
0.01,5.040874527325011
1e-05,5.1731229476656555
0.1,11.8425061897584
0.2,
0.4,
1.0,
