eta,mse_val
1e-05,2.307513734456266
0.0001,2.6154150795352837
0.001,2.7326012537356226
0.01,inf
0.1,
0.2,
0.4,
1.0,
